"","Df","SumOfSqs","R2","F","Pr(>F)"
"ChickenFarm2000m",1,0.290765345497087,0.0146805336932988,1.41437848659444,0.141
"gender",1,0.305471990879992,0.0154230616678414,1.48591645754484,0.107
"age",1,0.278678789190118,0.0140702921364962,1.3555854925794,0.164
"smoked_ever",2,0.676164708111597,0.034139071018528,1.64454401351111,0.032
"sampling_season",3,0.575379858385648,0.029050516260923,0.932945765286149,0.54
"Residual",86,17.6797228957851,0.892636525222913,NA,NA
"Total",94,19.8061835878495,1,NA,NA
