"","Df","SumOfSqs","R2","F","Pr(>F)"
"GoatFarmExposureCategory",2,0.577871625465164,0.00235518892466961,0.990289052729909,0.414
"gender",1,1.22199822823892,0.00498040839225751,4.18823632984658,0.001
"age",1,1.63879887535576,0.00667913216519673,5.61676508890547,0.001
"smoked_ever",2,2.03764740443381,0.00830468980968091,3.49188267603557,0.001
"sampling_season",3,1.5093229603704,0.00615143669176089,1.72433453939481,0.027
"Residual",817,238.375410039903,0.971529144016434,NA,NA
"Total",826,245.361049133767,1,NA,NA
