"","Df","SumOfSqs","R2","F","Pr(>F)"
"ChickenFarm2000m",1,0.336060209003843,0.00136965590174269,1.15172319562636,0.287
"gender",1,1.21947649683429,0.0049701307568564,4.17930873782551,0.002
"age",1,1.62101445669997,0.00660664951679522,5.55543292602567,0.001
"smoked_ever",2,2.00224539143495,0.00816040442647175,3.43098111419855,0.001
"sampling_season",3,1.49881544050658,0.00610861196509413,1.71221352855318,0.03
"Residual",818,238.683437139288,0.97278454743304,NA,NA
"Total",826,245.361049133767,1,NA,NA
