"","Df","SumOfSqs","R2","F","Pr(>F)"
"GoatFarmExposureCategory",2,3.28160586687861,0.0598304617495029,4.95731731187225,0.001
"gender",1,0.605663239809244,0.0110424934536563,1.82987536326346,0.077
"age",1,0.684907756782344,0.0124872848862504,2.06929486200745,0.025
"smoked_ever",2,0.478809047943699,0.00872967918464875,0.723306965778341,0.809
"sampling_season",3,1.14247587230195,0.0208296979437416,1.15057802996635,0.236
"Residual",147,48.6549510635387,0.8870803827822,NA,NA
"Total",156,54.8484128472545,1,NA,NA
