"","Df","SumOfSqs","R2","F","Pr(>F)"
"ChickenFarm2000m",1,0.369188831002701,0.0129828283275611,1.01112854587615,0.427
"gender",1,0.321367990081777,0.011301169198086,0.880157581203075,0.532
"age",1,0.348205678286448,0.0122449385361874,0.953660218255676,0.497
"smoked_ever",2,0.512779692103077,0.0180323188389879,0.702196465454842,0.815
"sampling_season",3,1.32637458823825,0.0466430512818271,1.21088459894624,0.228
"Residual",70,25.558786047125,0.89879569381735,NA,NA
"Total",78,28.4367028268372,1,NA,NA
