"","Df","SumOfSqs","R2","F","Pr(>F)"
"ChickenFarm2000m",1,0.161967782673709,0.000885888831352569,0.871244783090682,0.536
"gender",1,0.725420301008065,0.00396771340627717,3.90212573369962,0.001
"age",1,0.871883048160777,0.00476879686725897,4.68996700847336,0.001
"smoked_ever",2,1.66623932917917,0.00911355818863,4.48145396252163,0.001
"sampling_season",3,1.49530096460387,0.00817860442481884,2.68113642325622,0.001
"Residual",957,177.910009938741,0.973085438281662,NA,NA
"Total",965,182.830821364367,1,NA,NA
