"","Df","SumOfSqs","R2","F","Pr(>F)"
"GoatFarmExposureCategory",2,0.577871625465164,0.00235518892466961,0.990221991674095,0.435
"gender",1,1.22199822823892,0.00498040839225751,4.18795270806009,0.002
"age",1,1.63879887535576,0.00667913216519673,5.61638472905389,0.001
"smoked_ever",2,2.03764740443381,0.00830468980968091,3.49164621039113,0.001
"sampling_season",3,1.5093229603704,0.00615143669176089,1.72421776975622,0.018
"ChickenFarm2000m",1,0.275645368765945,0.00112342757637813,0.944673848055578,0.465
"Residual",816,238.099764671137,0.970405716440056,NA,NA
"Total",826,245.361049133767,1,NA,NA
