"","Df","SumOfSqs","R2","F","Pr(>F)"
"ChickenFarmExposureCategory",2,0.48299275135534,0.00196849002558443,0.827253175005606,0.617
"gender",1,1.21882001420878,0.00496743488224224,4.17510500389602,0.002
"age",1,1.66170922012153,0.00677247850211398,5.69223544007304,0.001
"smoked_ever",2,2.00187194546835,0.00815884906366348,3.42873659738421,0.001
"sampling_season",3,1.49344627254052,0.0060867043718414,1.70528186629796,0.033
"Residual",817,238.5032114592,0.972046043154554,NA,NA
"Total",826,245.362051662894,1,NA,NA
