"","Df","SumOfSqs","R2","F","Pr(>F)"
"ChickenFarm2000m",1,0.529939208823941,0.00190739824291048,1.77596291435316,0.08
"gender",1,1.15642286211307,0.00416228672747402,3.87547115258887,0.001
"age",1,1.72181616211135,0.00619729408117289,5.7702498670174,0.001
"smoked_ever",2,1.88603190540796,0.00678835210255862,3.16028957993574,0.001
"sampling_season",3,1.61405238583718,0.0058094223515628,1.80303522324854,0.018
"population",1,3.56297804040119,0.0128241465070528,11.9404579979087,0.001
"Residual",896,267.362300906599,0.962311099987268,NA,NA
"Total",905,277.833541471294,1,NA,NA
