"","Df","SumOfSqs","R2","F","Pr(>F)"
"ChickenFarmExposureCategory",1,0.38483311378708,0.0130545605032317,1.05656718165633,0.36
"gender",1,0.329786157589813,0.0111872216634832,0.905434638004472,0.51
"age",1,0.356565113998443,0.0120956349317948,0.97895681030906,0.469
"smoked_ever",2,0.524861168094137,0.017804683716674,0.720508533786015,0.791
"sampling_season",3,1.29401439239633,0.0438964022907262,1.18424765663779,0.224
"Residual",73,26.5887657634956,0.90196149689409,NA,NA
"Total",81,29.4788257093614,1,NA,NA
