"","Df","SumOfSqs","R2","F","Pr(>F)"
"ChickenFarmExposureCategory",2,0.437667875194481,0.00239383297240496,1.17737821759717,0.232
"gender",1,0.717423735768529,0.00392396310354173,3.85990897278313,0.001
"age",1,0.857903712233869,0.00469232107241475,4.61572439206817,0.001
"smoked_ever",2,1.64964235604007,0.00902275101367623,4.43773255225597,0.001
"sampling_season",3,1.4814050951983,0.00810257403698774,2.65676964867313,0.001
"Residual",956,177.687374554894,0.971864557800975,NA,NA
"Total",965,182.83141732933,1,NA,NA
