"","Df","SumOfSqs","R2","F","Pr(>F)"
"ChickenFarm2000m",1,0.261278358433518,0.0012815863482152,1.3914439970942,0.134
"gender",1,0.650495339327435,0.00319071947427203,3.46422811468797,0.002
"age",1,0.990131179445267,0.00485665406858466,5.2729667096614,0.001
"smoked_ever",2,1.98510157308215,0.00973704477912178,5.28585238373319,0.001
"sampling_season",3,1.50475443812852,0.00738091266679645,2.67120162903139,0.001
"population",1,1.1277959931694,0.005531908410185,6.00610388878326,0.001
"Residual",1051,197.351496206165,0.968021174252825,NA,NA
"Total",1060,203.871053087751,1,NA,NA
