"","Df","SumOfSqs","R2","F","Pr(>F)"
"ChickenFarmExposureCategory",1,0.384275537361633,0.0185593858803112,1.86454572094019,0.039
"gender",1,0.294986383442878,0.014246980584147,1.43130526278189,0.12
"age",1,0.274582371859918,0.0132615264304049,1.33230283148421,0.164
"smoked_ever",2,0.730984413007261,0.0353044117422633,1.77340700465149,0.023
"sampling_season",3,0.677807484806701,0.0327361214545706,1.09626463526199,0.326
"Residual",89,18.3425498452994,0.885891573908303,NA,NA
"Total",97,20.7051860357778,1,NA,NA
