"","Df","SumOfSqs","R2","F","Pr(>F)"
"GoatFarmExposureCategory",3,2.93353076541726,0.0108648446249447,3.3487139331019,0.001
"gender",1,1.14769676420246,0.00425069583950241,3.93039151717988,0.002
"age",1,2.09085818467424,0.00774385923511811,7.16033322476118,0.001
"smoked_ever",2,2.05753725712028,0.00762044934799484,3.52311134521965,0.001
"sampling_season",3,1.59538056734349,0.00590877115937718,1.82117508275161,0.02
"Residual",891,260.177087304045,0.963611379793063,NA,NA
"Total",901,270.002090842803,1,NA,NA
