"","Df","SumOfSqs","R2","F","Pr(>F)"
"GoatFarmExposureCategory",2,0.577887426267941,0.0023552436994695,0.990312101686841,0.441
"gender",1,1.22202183380176,0.0049804842497841,4.18830019664875,0.001
"age",1,1.63880388973074,0.0066791253114492,5.61675942587248,0.001
"smoked_ever",2,2.03766621618668,0.00830473254676828,3.49190070827476,0.001
"sampling_season",3,1.50929253910066,0.00615128757227013,1.7242927699717,0.023
"Residual",817,238.376379757806,0.971529126620259,NA,NA
"Total",826,245.362051662894,1,NA,NA
