"","Df","SumOfSqs","R2","F","Pr(>F)"
"GoatFarmExposureCategory",3,1.29275393633514,0.00639426285397145,2.29730337048142,0.002
"gender",1,0.70229535501431,0.00347371682643287,3.74406630867816,0.001
"age",1,0.821920360499623,0.00406541003848322,4.3818093173926,0.001
"smoked_ever",2,1.82652586888681,0.00903442347918951,4.86877345749271,0.001
"sampling_season",3,1.51407579713652,0.00748897246074015,2.69060594917759,0.001
"Residual",1045,196.016465918056,0.969543214341183,NA,NA
"Total",1055,202.174037235928,1,NA,NA
