"","Df","SumOfSqs","R2","F","Pr(>F)"
"GoatFarmExposureCategory",2,0.255742575456104,0.00139878900022659,0.687130906257912,0.889
"gender",1,0.703111249287583,0.0038456806798204,3.77824825656403,0.001
"age",1,0.855984821564785,0.00468182566250592,4.59973178213169,0.001
"smoked_ever",2,1.63535307856323,0.00894459553205514,4.39387787082676,0.001
"sampling_season",3,1.47487623973643,0.00806686433480835,2.64180506621016,0.001
"Residual",956,177.906349364721,0.973062244790584,NA,NA
"Total",965,182.83141732933,1,NA,NA
