"","Df","SumOfSqs","R2","F","Pr(>F)"
"GoatFarmExposureCategory",1,0.120691008748551,0.00582902315101158,0.574811923362291,0.909
"gender",1,0.2986218846832,0.0144225646737582,1.42223867107154,0.126
"age",1,0.260338981062256,0.0125736122637295,1.23990968326687,0.267
"smoked_ever",2,0.717846458710241,0.0346698869292856,1.70943431448864,0.028
"sampling_season",3,0.620706201233212,0.0299782962664839,0.985407085066029,0.463
"Residual",89,18.6869815013404,0.902526616715731,NA,NA
"Total",97,20.7051860357778,1,NA,NA
