"","Df","SumOfSqs","R2","F","Pr(>F)"
"GoatFarmExposureCategory",2,0.705314541180127,0.0178127633020529,1.6974646974584,0.024
"gender",1,0.266703427897378,0.00673561192292057,1.28373832415096,0.179
"age",1,0.302592888261671,0.00764200251205815,1.45648704382796,0.124
"smoked_ever",2,0.879815527256319,0.0222197967310662,2.11743230941263,0.009
"sampling_season",3,0.461152501836927,0.0116464355713217,0.739896926651613,0.907
"Residual",178,36.9804416309929,0.93394338996058,NA,NA
"Total",187,39.5960205174254,1,NA,NA
