"group","n_samples","mean_age","gender_male","gender_female","sampling_season_winter","sampling_season_spring","sampling_season_summer","sampling_season_fall"
0,355,54.1352112676056,52.112676056338,47.887323943662,9.01408450704225,0,33.5211267605634,57.4647887323944
1,169,41.5325443786982,58.5798816568047,41.4201183431953,8.28402366863905,0,37.2781065088757,54.4378698224852
